,Title,Published At,Country,View Count,Subscriber Count,Video Count
0,Benjamin Cowen,2019-06-14T05:33:32Z,US,134217245,897000,2608
1,Ivan on Tech,2013-07-31T16:39:48Z,CY,23819027,535000,883
2,Lark Davis,2009-10-28T02:42:13Z,AE,109080872,634000,4280
3,Coin Bureau,2019-01-16T14:31:55Z,AE,280752903,2670000,1503
4,Altcoin Daily,2018-01-29T23:47:18Z,US,261447947,1600000,3148
5,99Bitcoins,2015-07-19T18:27:25Z,US,47420932,724000,3047
6,EllioTrades,2018-01-04T01:16:19Z,US,58537825,668000,1194
7,Crypto Casey,2017-06-06T12:37:38Z,US,35499623,653000,754
8,The Moon Show,2017-12-01T14:58:34Z,AE,20727319,652000,709
9,CryptosRUs,2017-10-24T14:15:21Z,US,197917012,804000,2875
