Topic,id
bitcoin buy crypto altcoin blockchain ethereum sell open explain right,jcud475UwzE
bitcoin buy crypto altcoin blockchain ethereum sell open explain right,NfCRtqKIel0
bitcoin buy crypto altcoin blockchain ethereum sell open explain right,5JDrK7sP3gA
bitcoin buy crypto altcoin blockchain ethereum sell open explain right,LGHsNaIv5os
bitcoin buy crypto altcoin blockchain ethereum sell open explain right,aLh8jlYYvZA
bitcoin buy crypto altcoin blockchain ethereum sell open explain right,YC3b1U3TFqI
bitcoin buy crypto altcoin blockchain ethereum sell open explain right,7c-coY6EG4k
bitcoin buy crypto altcoin blockchain ethereum sell open explain right,Zoz9gvhLgpM
bitcoin buy crypto altcoin blockchain ethereum sell open explain right,4PvA7oYDXu8
bitcoin buy crypto altcoin blockchain ethereum sell open explain right,wWnUvCNeYEo
bitcoin buy crypto altcoin blockchain ethereum sell open explain right,SXqfFTmYmT0
bitcoin buy crypto altcoin blockchain ethereum sell open explain right,AebT53Lybaw
bitcoin buy crypto altcoin blockchain ethereum sell open explain right,MYnkNaBMjlg
bitcoin buy crypto altcoin blockchain ethereum sell open explain right,V7MlHSvZvYg
bitcoin buy crypto altcoin blockchain ethereum sell open explain right,uS-o9IRILII
bitcoin buy crypto altcoin blockchain ethereum sell open explain right,w-HDzwS52J0
bitcoin buy crypto altcoin blockchain ethereum sell open explain right,KegMdpRXRpk
bitcoin buy crypto altcoin blockchain ethereum sell open explain right,578D9o-DCiM
bitcoin buy crypto altcoin blockchain ethereum sell open explain right,gndDamcev7s
bitcoin buy crypto altcoin blockchain ethereum sell open explain right,Ktd0ywEYk44
bitcoin buy crypto altcoin blockchain ethereum sell open explain right,nnDhFKHQRjc
bitcoin buy crypto altcoin blockchain ethereum sell open explain right,8CF-fxIA4a8
bitcoin buy crypto altcoin blockchain ethereum sell open explain right,p6V5L_TftvM
bitcoin buy crypto altcoin blockchain ethereum sell open explain right,vQ_Cam81FCI
bitcoin buy crypto altcoin blockchain ethereum sell open explain right,O1KaAboPX44
bitcoin buy crypto altcoin blockchain ethereum sell open explain right,aZw18PDhTPs
bitcoin buy crypto altcoin blockchain ethereum sell open explain right,tpIdrZVQ9l4
bitcoin buy crypto altcoin blockchain ethereum sell open explain right,hSIFRnc85_E
bitcoin buy crypto altcoin blockchain ethereum sell open explain right,BNYvbwmrjoA
bitcoin buy crypto altcoin blockchain ethereum sell open explain right,yubzJw0uiE4
bitcoin buy crypto altcoin blockchain ethereum sell open explain right,v4UvNmH7jqg
bitcoin buy crypto altcoin blockchain ethereum sell open explain right,QBQ__GpIJp8
bitcoin buy crypto altcoin blockchain ethereum sell open explain right,XfaQVind0HI
bitcoin buy crypto altcoin blockchain ethereum sell open explain right,2poBL2WNg8I
bitcoin buy crypto altcoin blockchain ethereum sell open explain right,FRZ8IiS_r_k
bitcoin buy crypto altcoin blockchain ethereum sell open explain right,jgxtD5eFEVU
bitcoin buy crypto altcoin blockchain ethereum sell open explain right,8m0uAURAWtw
bitcoin buy crypto altcoin blockchain ethereum sell open explain right,_XDkfDzdc-4
bitcoin buy crypto altcoin blockchain ethereum sell open explain right,5_M5SpzrNfo
bitcoin buy crypto altcoin blockchain ethereum sell open explain right,CG7k3OzMY4s
bitcoin buy crypto altcoin blockchain ethereum sell open explain right,q2CCz_HlzQY
bitcoin buy crypto altcoin blockchain ethereum sell open explain right,RmZw7RnOHyk
bitcoin buy crypto altcoin blockchain ethereum sell open explain right,eVlosSdbmsU
bitcoin buy crypto altcoin blockchain ethereum sell open explain right,m4sw5IoRBbg
bitcoin buy crypto altcoin blockchain ethereum sell open explain right,6PFdzs-79ns
bitcoin buy crypto altcoin blockchain ethereum sell open explain right,1VqzqNSEZU4
bitcoin buy crypto altcoin blockchain ethereum sell open explain right,scpWbhmZ5ac
bitcoin buy crypto altcoin blockchain ethereum sell open explain right,VYWc9dFqROI
bitcoin buy crypto altcoin blockchain ethereum sell open explain right,iKka3ygZ1EI
bitcoin buy crypto altcoin blockchain ethereum sell open explain right,bBFikmuzF80
bitcoin crypto price prediction altcoin market cycle pump coin moon,u27wzfTmG3c
bitcoin crypto price prediction altcoin market cycle pump coin moon,RcxR7ULb-OM
bitcoin crypto price prediction altcoin market cycle pump coin moon,Rgh8aAkYmW0
bitcoin crypto price prediction altcoin market cycle pump coin moon,buKmQtP813k
bitcoin crypto price prediction altcoin market cycle pump coin moon,WhO0axtmIH4
bitcoin crypto price prediction altcoin market cycle pump coin moon,JKeTpmlHQro
bitcoin crypto price prediction altcoin market cycle pump coin moon,QjH-wvXpz-4
bitcoin crypto price prediction altcoin market cycle pump coin moon,_guGwbmWk_Q
bitcoin crypto price prediction altcoin market cycle pump coin moon,CNCdvPyHEO8
bitcoin crypto price prediction altcoin market cycle pump coin moon,onv8Dj3o18E
bitcoin crypto price prediction altcoin market cycle pump coin moon,hC-tGvK9Z_E
bitcoin crypto price prediction altcoin market cycle pump coin moon,zh2nXvaFJlU
bitcoin crypto price prediction altcoin market cycle pump coin moon,PRSvMs0aM_o
bitcoin crypto price prediction altcoin market cycle pump coin moon,crdR1Nh6Ws8
bitcoin crypto price prediction altcoin market cycle pump coin moon,26lTx0wCF9s
bitcoin crypto price prediction altcoin market cycle pump coin moon,G5d9x8HpeFw
bitcoin crypto price prediction altcoin market cycle pump coin moon,4OzQQcjgQ6U
bitcoin crypto price prediction altcoin market cycle pump coin moon,9y8kpvvEr6M
bitcoin crypto price prediction altcoin market cycle pump coin moon,ndxIWCQ3qlI
bitcoin crypto price prediction altcoin market cycle pump coin moon,IqdhaFWyWGA
bitcoin crypto price prediction altcoin market cycle pump coin moon,mCR5TjIz1YY
bitcoin crypto price prediction altcoin market cycle pump coin moon,ZqQEtfUcfgs
bitcoin crypto price prediction altcoin market cycle pump coin moon,BYxwVI7zwcE
bitcoin crypto price prediction altcoin market cycle pump coin moon,dw725L6abgI
bitcoin crypto price prediction altcoin market cycle pump coin moon,YV5hHqNeOAQ
bitcoin crypto price prediction altcoin market cycle pump coin moon,pxvjl7oNIPQ
bitcoin crypto price prediction altcoin market cycle pump coin moon,4_VNjsCSJTg
bitcoin crypto price prediction altcoin market cycle pump coin moon,aql9_s7Yx0I
bitcoin crypto price prediction altcoin market cycle pump coin moon,Mhx688Z5N4U
bitcoin crypto price prediction altcoin market cycle pump coin moon,gpkjHIf2XQ4
bitcoin crypto price prediction altcoin market cycle pump coin moon,qpGXdAFImtU
bitcoin crypto price prediction altcoin market cycle pump coin moon,UAkrC-CGl1Q
bitcoin crypto price prediction altcoin market cycle pump coin moon,2qrSpNC_9vc
bitcoin crypto price prediction altcoin market cycle pump coin moon,KRiy5L7I3Vw
bitcoin crypto price prediction altcoin market cycle pump coin moon,3Yg3Hq7d30U
bitcoin crypto price prediction altcoin market cycle pump coin moon,v-HMuVTzyEQ
bitcoin crypto price prediction altcoin market cycle pump coin moon,Q5rhAwWRXhg
bitcoin crypto price prediction altcoin market cycle pump coin moon,J7unrZQizpk
bitcoin crypto price prediction altcoin market cycle pump coin moon,H7Ysj-R_PqM
bitcoin crypto price prediction altcoin market cycle pump coin moon,0HM_GS9_YlU
bitcoin crypto price prediction altcoin market cycle pump coin moon,ZDXTItlUgVA
bitcoin crypto price prediction altcoin market cycle pump coin moon,xvJRXaEQSVU
bitcoin crypto price prediction altcoin market cycle pump coin moon,N3kPhVgED6A
bitcoin crypto price prediction altcoin market cycle pump coin moon,gSc0pY9ECNc
bitcoin crypto price prediction altcoin market cycle pump coin moon,8X56mEbHyx8
bitcoin crypto price prediction altcoin market cycle pump coin moon,CD4I1ybeJvM
bitcoin crypto price prediction altcoin market cycle pump coin moon,bNkT_3MMBJY
bitcoin crypto price prediction altcoin market cycle pump coin moon,8PTryv48zBQ
bitcoin crypto price prediction altcoin market cycle pump coin moon,6S-ubXPKwxE
bitcoin crypto price prediction altcoin market cycle pump coin moon,dXtIK4YLb7E
bitcoin crypto stimulus check update market second youtube new investment,ZoUqBcY1u2M
bitcoin crypto stimulus check update market second youtube new investment,8DgjFeNQATQ
bitcoin crypto stimulus check update market second youtube new investment,UVNPMGMjg4I
bitcoin crypto stimulus check update market second youtube new investment,Ft2D_mWDzlU
bitcoin crypto stimulus check update market second youtube new investment,75SKABu-dhI
bitcoin crypto stimulus check update market second youtube new investment,ALaGjdFovA8
bitcoin crypto stimulus check update market second youtube new investment,PT5ZCXQ79Uw
bitcoin crypto stimulus check update market second youtube new investment,exuo7WYZLbg
bitcoin crypto stimulus check update market second youtube new investment,TMlW4P3ryLs
bitcoin crypto stimulus check update market second youtube new investment,qWBNayY5HW8
bitcoin crypto stimulus check update market second youtube new investment,ngHbRSK3ztw
bitcoin crypto stimulus check update market second youtube new investment,ZjKMtndNnKk
bitcoin crypto stimulus check update market second youtube new investment,IMUCReUg6Ys
bitcoin crypto stimulus check update market second youtube new investment,uyRo5vSBXAs
bitcoin crypto stimulus check update market second youtube new investment,HdVAfY0aqYY
bitcoin crypto stimulus check update market second youtube new investment,1zGLjEwuvWM
bitcoin crypto stimulus check update market second youtube new investment,W36cA5RKiGs
bitcoin crypto stimulus check update market second youtube new investment,G80dw-G6oMQ
bitcoin crypto stimulus check update market second youtube new investment,6pPNcT_yRBw
bitcoin crypto stimulus check update market second youtube new investment,NW-A90B3Vhc
bitcoin crypto stimulus check update market second youtube new investment,1DgRJACl1kY
bitcoin crypto stimulus check update market second youtube new investment,YdKsutVeAFc
bitcoin crypto stimulus check update market second youtube new investment,iFW9nUcTT4I
bitcoin crypto stimulus check update market second youtube new investment,AeSmPVHhexE
bitcoin crypto stimulus check update market second youtube new investment,q5TM-dCN9H8
bitcoin crypto stimulus check update market second youtube new investment,aHejppZwlhk
bitcoin crypto stimulus check update market second youtube new investment,OIa6wh3s5TY
bitcoin crypto stimulus check update market second youtube new investment,RVF5DMVBrHA
bitcoin crypto stimulus check update market second youtube new investment,KCYkS76_XYs
bitcoin crypto stimulus check update market second youtube new investment,9grdVZQKh6M
bitcoin crypto stimulus check update market second youtube new investment,SfYp2eZp-yc
bitcoin crypto stimulus check update market second youtube new investment,qgTUG-WKpGA
bitcoin crypto stimulus check update market second youtube new investment,_U8sq0GnVvM
bitcoin crypto stimulus check update market second youtube new investment,RPCxee8DETU
bitcoin crypto stimulus check update market second youtube new investment,MZGia2RZBIU
bitcoin crypto stimulus check update market second youtube new investment,hSKk6XUeTOI
bitcoin crypto stimulus check update market second youtube new investment,no7MtoKu6LQ
bitcoin crypto stimulus check update market second youtube new investment,maHDN4oOxeg
bitcoin crypto stimulus check update market second youtube new investment,tDj8qURDE14
bitcoin crypto stimulus check update market second youtube new investment,fJ4v97eqay0
bitcoin crypto stimulus check update market second youtube new investment,9_QOun0JKqg
bitcoin crypto stimulus check update market second youtube new investment,bD9Tv4uEh80
bitcoin crypto stimulus check update market second youtube new investment,TUNT3AQZhzY
bitcoin crypto stimulus check update market second youtube new investment,N0rScSCZ3II
bitcoin crypto stimulus check update market second youtube new investment,gYohrTLn750
bitcoin crypto stimulus check update market second youtube new investment,HVusQVipCKQ
bitcoin crypto stimulus check update market second youtube new investment,Frozw3Q81LA
bitcoin crypto stimulus check update market second youtube new investment,f8cBtfhnUtQ
bitcoin crypto stimulus check update market second youtube new investment,QYyh82H4UPs
bitcoin crypto stimulus check update market second youtube new investment,if-ZidmpwFw
bitcoin crypto explain lightning bull big news network market ledger,Svfo_FbBNEA
bitcoin crypto explain lightning bull big news network market ledger,NvyqSQW0Qu4
bitcoin crypto explain lightning bull big news network market ledger,QoXQ7ZfzJ18
bitcoin crypto explain lightning bull big news network market ledger,Rka6EoR-uC0
bitcoin crypto explain lightning bull big news network market ledger,J3cQNpOR_a0
bitcoin crypto explain lightning bull big news network market ledger,59qfSkXqzKY
bitcoin crypto explain lightning bull big news network market ledger,Hmc-0wdS5VY
bitcoin crypto explain lightning bull big news network market ledger,6EsLekL8zI0
bitcoin crypto explain lightning bull big news network market ledger,W-crsLbYsMs
bitcoin crypto explain lightning bull big news network market ledger,Mvrq8hLjcRk
bitcoin crypto explain lightning bull big news network market ledger,YPAwsb9pePI
bitcoin crypto explain lightning bull big news network market ledger,Kn6iGDKpMZs
bitcoin crypto explain lightning bull big news network market ledger,uoO-BfxWXzg
bitcoin crypto explain lightning bull big news network market ledger,GcP3O3lgWZs
bitcoin crypto explain lightning bull big news network market ledger,mTiNyi6_Yp4
bitcoin crypto explain lightning bull big news network market ledger,G0ZFhsTy8PE
bitcoin crypto explain lightning bull big news network market ledger,3jXonyQvk-E
bitcoin crypto explain lightning bull big news network market ledger,vvaNPKjbOVM
bitcoin crypto explain lightning bull big news network market ledger,SXT9iq__V8c
bitcoin crypto explain lightning bull big news network market ledger,rrr_zPmEiME
bitcoin crypto explain lightning bull big news network market ledger,3fshg1Jpym8
bitcoin crypto explain lightning bull big news network market ledger,cAZTEm05obg
bitcoin crypto explain lightning bull big news network market ledger,-mx9mq4fFgw
bitcoin crypto explain lightning bull big news network market ledger,7vkR2he4S-Y
bitcoin crypto explain lightning bull big news network market ledger,VpZy5zk39Rw
bitcoin crypto explain lightning bull big news network market ledger,3QS9QNbJRcs
bitcoin crypto explain lightning bull big news network market ledger,7yvvC9tTcPI
bitcoin crypto explain lightning bull big news network market ledger,DWPbR9O-Ib8
bitcoin crypto explain lightning bull big news network market ledger,C1zeeTqKi6U
bitcoin crypto explain lightning bull big news network market ledger,bhyran58-4o
bitcoin crypto explain lightning bull big news network market ledger,Lm3jaIjl_Lk
bitcoin crypto explain lightning bull big news network market ledger,uHOAoTvXkWY
bitcoin crypto explain lightning bull big news network market ledger,O_WjH0mqKww
bitcoin crypto explain lightning bull big news network market ledger,BW6nX7EW9RI
bitcoin crypto explain lightning bull big news network market ledger,OWIbHTXZklk
bitcoin crypto explain lightning bull big news network market ledger,quUO16vCxe4
bitcoin crypto explain lightning bull big news network market ledger,gRmS808WZjg
bitcoin crypto explain lightning bull big news network market ledger,lTUswmxzG5s
bitcoin crypto explain lightning bull big news network market ledger,Oqs2s1j7ypQ
bitcoin crypto explain lightning bull big news network market ledger,p5liQxSOwC4
bitcoin crypto explain lightning bull big news network market ledger,9ovhNTCBRJU
bitcoin crypto explain lightning bull big news network market ledger,zs4kGn7p7ok
bitcoin crypto explain lightning bull big news network market ledger,M_gvu7WGsUE
bitcoin crypto explain lightning bull big news network market ledger,GomSPxVRfm0
bitcoin crypto explain lightning bull big news network market ledger,MLeNxIrIrbU
bitcoin crypto explain lightning bull big news network market ledger,YEiWDGGEvxI
bitcoin crypto explain lightning bull big news network market ledger,DGB7_RiuezY
bitcoin crypto explain lightning bull big news network market ledger,dTZEUlSPFc0
bitcoin crypto explain lightning bull big news network market ledger,AbgRB3arCpY
bitcoin crypto explain lightning bull big news network market ledger,_mkAV1EZ8gE
crypto bitcoin news week live day btc altcoin bullish urgent,F9Jci3pCehY
crypto bitcoin news week live day btc altcoin bullish urgent,nlTDrwskuYQ
crypto bitcoin news week live day btc altcoin bullish urgent,2JgOZ0LGY3A
crypto bitcoin news week live day btc altcoin bullish urgent,yzMD4mFMFK8
crypto bitcoin news week live day btc altcoin bullish urgent,MlTU8xqu9o4
crypto bitcoin news week live day btc altcoin bullish urgent,kNWyGxbCBnA
crypto bitcoin news week live day btc altcoin bullish urgent,x_0AO_Zy8FI
crypto bitcoin news week live day btc altcoin bullish urgent,WKf-fVb_4Y4
crypto bitcoin news week live day btc altcoin bullish urgent,uNwUkxjaSuA
crypto bitcoin news week live day btc altcoin bullish urgent,OruH_IoTDCc
crypto bitcoin news week live day btc altcoin bullish urgent,uyr9ttmWDCY
crypto bitcoin news week live day btc altcoin bullish urgent,6D5GzUYlhis
crypto bitcoin news week live day btc altcoin bullish urgent,pawB_xqw6_Q
crypto bitcoin news week live day btc altcoin bullish urgent,-FuBo4ARkAU
crypto bitcoin news week live day btc altcoin bullish urgent,9vaYnBxj9js
crypto bitcoin news week live day btc altcoin bullish urgent,q_tj36WcDHs
crypto bitcoin news week live day btc altcoin bullish urgent,eVYnF3Uh4YE
crypto bitcoin news week live day btc altcoin bullish urgent,vi9MtxRAcaY
crypto bitcoin news week live day btc altcoin bullish urgent,cgmt9aPiGV0
crypto bitcoin news week live day btc altcoin bullish urgent,Eie1Li5T97o
crypto bitcoin news week live day btc altcoin bullish urgent,HuxgTIwo7kQ
crypto bitcoin news week live day btc altcoin bullish urgent,D59VxFsScPE
crypto bitcoin news week live day btc altcoin bullish urgent,dDH3IKW5l8A
crypto bitcoin news week live day btc altcoin bullish urgent,gKSnov-1B2E
crypto bitcoin news week live day btc altcoin bullish urgent,slV1MRvJ3V4
crypto bitcoin news week live day btc altcoin bullish urgent,B99y4Mw5aJM
crypto bitcoin news week live day btc altcoin bullish urgent,h01QtAH2zSg
crypto bitcoin news week live day btc altcoin bullish urgent,g5yW_2XwKV8
crypto bitcoin news week live day btc altcoin bullish urgent,nIgx_dGidBk
crypto bitcoin news week live day btc altcoin bullish urgent,0H_3g5xpftQ
crypto bitcoin news week live day btc altcoin bullish urgent,dUFVfrwto1c
crypto bitcoin news week live day btc altcoin bullish urgent,jjCmjTMtMMM
crypto bitcoin news week live day btc altcoin bullish urgent,j8RaTDmyOTc
crypto bitcoin news week live day btc altcoin bullish urgent,tSJeChsSw1A
crypto bitcoin news week live day btc altcoin bullish urgent,38fhvttbJB8
crypto bitcoin news week live day btc altcoin bullish urgent,r5zTP7487eE
crypto bitcoin news week live day btc altcoin bullish urgent,DUUoIL2aRyA
crypto bitcoin news week live day btc altcoin bullish urgent,0rV4DQehOYY
crypto bitcoin news week live day btc altcoin bullish urgent,-hI6FX85KPg
crypto bitcoin news week live day btc altcoin bullish urgent,marlNZcOucs
crypto bitcoin news week live day btc altcoin bullish urgent,zLAoVb9TMiA
crypto bitcoin news week live day btc altcoin bullish urgent,B4UOC8-O1kA
crypto bitcoin news week live day btc altcoin bullish urgent,-dknou2TLXA
crypto bitcoin news week live day btc altcoin bullish urgent,6zeO6lmzCVA
crypto bitcoin news week live day btc altcoin bullish urgent,TW4dA6z701g
crypto bitcoin news week live day btc altcoin bullish urgent,yEBKqTOdlwY
crypto bitcoin news week live day btc altcoin bullish urgent,nO9GnDa_Xe8
crypto bitcoin news week live day btc altcoin bullish urgent,MwmbDBwLRZY
crypto bitcoin news week live day btc altcoin bullish urgent,qKs8FQ--Hp8
crypto bitcoin news week live day btc altcoin bullish urgent,0M3sddtoW-A
bitcoin explain programmer ethereum bull crypto run start transaction pump,0T8Yy4HP14g
bitcoin explain programmer ethereum bull crypto run start transaction pump,7snTz13i1Is
bitcoin explain programmer ethereum bull crypto run start transaction pump,tuoJaQ5Z2NI
bitcoin explain programmer ethereum bull crypto run start transaction pump,pcpM-SSvPCI
bitcoin explain programmer ethereum bull crypto run start transaction pump,avGPf2935Sc
bitcoin explain programmer ethereum bull crypto run start transaction pump,hX-U4UJxETk
bitcoin explain programmer ethereum bull crypto run start transaction pump,6P_yw1SrNjo
bitcoin explain programmer ethereum bull crypto run start transaction pump,T9AbqNZ2Fr0
bitcoin explain programmer ethereum bull crypto run start transaction pump,TcLPjVEodhY
bitcoin explain programmer ethereum bull crypto run start transaction pump,H5g7rzSqhrI
bitcoin explain programmer ethereum bull crypto run start transaction pump,9OEudmPKeqc
bitcoin explain programmer ethereum bull crypto run start transaction pump,2-by6TY6B14
bitcoin explain programmer ethereum bull crypto run start transaction pump,2YAJdG00DcQ
bitcoin explain programmer ethereum bull crypto run start transaction pump,26HNVfebGpI
bitcoin explain programmer ethereum bull crypto run start transaction pump,8WqTRLh83-k
bitcoin explain programmer ethereum bull crypto run start transaction pump,YIOGHsQ_utE
bitcoin explain programmer ethereum bull crypto run start transaction pump,oAERpFFq7XQ
bitcoin explain programmer ethereum bull crypto run start transaction pump,fiu9NF3yJLs
bitcoin explain programmer ethereum bull crypto run start transaction pump,B-PZjNEuKW4
bitcoin explain programmer ethereum bull crypto run start transaction pump,aEx4EecFocc
bitcoin explain programmer ethereum bull crypto run start transaction pump,2DmLtWS5nLs
bitcoin explain programmer ethereum bull crypto run start transaction pump,FB68pu4n_Bw
bitcoin explain programmer ethereum bull crypto run start transaction pump,nGUzGQGDWRc
bitcoin explain programmer ethereum bull crypto run start transaction pump,F_HVfz_IcgY
bitcoin explain programmer ethereum bull crypto run start transaction pump,yuyWe07Nk0M
bitcoin explain programmer ethereum bull crypto run start transaction pump,83EXOfP5BlI
bitcoin explain programmer ethereum bull crypto run start transaction pump,nKj_a6w01cA
bitcoin explain programmer ethereum bull crypto run start transaction pump,qGtQCg9dHmU
bitcoin explain programmer ethereum bull crypto run start transaction pump,C2L-g3FznBs
bitcoin explain programmer ethereum bull crypto run start transaction pump,1qMGoYGybpU
bitcoin explain programmer ethereum bull crypto run start transaction pump,k67pCcy-yQw
bitcoin explain programmer ethereum bull crypto run start transaction pump,OlJHYGkrmV4
bitcoin explain programmer ethereum bull crypto run start transaction pump,M5sQvaWmyig
bitcoin explain programmer ethereum bull crypto run start transaction pump,uF0CgQKGjGM
bitcoin explain programmer ethereum bull crypto run start transaction pump,fmNcRoygo6E
bitcoin explain programmer ethereum bull crypto run start transaction pump,gOlCB-heqac
bitcoin explain programmer ethereum bull crypto run start transaction pump,Qu-P7DwmtOk
bitcoin explain programmer ethereum bull crypto run start transaction pump,n2C-YkPIXis
bitcoin explain programmer ethereum bull crypto run start transaction pump,zVib3h_0uPs
bitcoin explain programmer ethereum bull crypto run start transaction pump,T_3dMKCFXf0
bitcoin explain programmer ethereum bull crypto run start transaction pump,g5xjKY3LWZ4
bitcoin explain programmer ethereum bull crypto run start transaction pump,eXvz-y5Y8gw
bitcoin explain programmer ethereum bull crypto run start transaction pump,2J5rcUb9wFU
bitcoin explain programmer ethereum bull crypto run start transaction pump,ibC07p4tocA
bitcoin explain programmer ethereum bull crypto run start transaction pump,5wVFMpgMePM
bitcoin explain programmer ethereum bull crypto run start transaction pump,KnmENzPk-Pw
bitcoin explain programmer ethereum bull crypto run start transaction pump,S-UQufnH7MA
bitcoin explain programmer ethereum bull crypto run start transaction pump,KU8pnVOk9jk
bitcoin explain programmer ethereum bull crypto run start transaction pump,Lc13WRRLlDg
bitcoin explain programmer ethereum bull crypto run start transaction pump,OoZzYrJqKnk
bitcoin card amex crypto american express income credit worth gold,B4M0-GoOpLA
bitcoin card amex crypto american express income credit worth gold,btYOrjI4XdU
bitcoin card amex crypto american express income credit worth gold,eu5MdSqS9gc
bitcoin card amex crypto american express income credit worth gold,CK4jAqbfi1M
bitcoin card amex crypto american express income credit worth gold,ii73vhFEu4E
bitcoin card amex crypto american express income credit worth gold,lkC27MURlEE
bitcoin card amex crypto american express income credit worth gold,ddfEsKQDp6k
bitcoin card amex crypto american express income credit worth gold,cVMIGhoEYO4
bitcoin card amex crypto american express income credit worth gold,Rdh9tWz3YNI
bitcoin card amex crypto american express income credit worth gold,w7lAiHpuvAY
bitcoin card amex crypto american express income credit worth gold,ORiy6peCZcw
bitcoin card amex crypto american express income credit worth gold,WPb96yNDDjU
bitcoin card amex crypto american express income credit worth gold,AWWwvNk32NM
bitcoin card amex crypto american express income credit worth gold,W39KmbOfy-U
bitcoin card amex crypto american express income credit worth gold,SI3xlu_PcqU
bitcoin card amex crypto american express income credit worth gold,0R9vlsxOx8k
bitcoin card amex crypto american express income credit worth gold,luPdmxNxpz8
bitcoin card amex crypto american express income credit worth gold,jFrxaLgEkRo
bitcoin card amex crypto american express income credit worth gold,jPVpuMmzefw
bitcoin card amex crypto american express income credit worth gold,TTpcCUY5Zrg
bitcoin card amex crypto american express income credit worth gold,A2vRQYu2HRs
bitcoin card amex crypto american express income credit worth gold,ioWX4HX7ea0
bitcoin card amex crypto american express income credit worth gold,6zamTwlR5w0
bitcoin card amex crypto american express income credit worth gold,WUE8JVYNVsQ
bitcoin card amex crypto american express income credit worth gold,66dvhBPFL80
bitcoin card amex crypto american express income credit worth gold,MqNtb_eUagg
bitcoin card amex crypto american express income credit worth gold,wcXsD8gn0HE
bitcoin card amex crypto american express income credit worth gold,Ks_RTSxzPDg
bitcoin card amex crypto american express income credit worth gold,lK9T6jGjplI
bitcoin card amex crypto american express income credit worth gold,wM9OPZvooVk
bitcoin card amex crypto american express income credit worth gold,k__X_HNdsNw
bitcoin card amex crypto american express income credit worth gold,keAxRW9rfik
bitcoin card amex crypto american express income credit worth gold,q6Kl2zp2ppA
bitcoin card amex crypto american express income credit worth gold,SYm3XuKIFJ4
bitcoin card amex crypto american express income credit worth gold,mM-kvWAcn50
bitcoin card amex crypto american express income credit worth gold,eW40uzMVeKs
bitcoin card amex crypto american express income credit worth gold,rHV2h7HXxZk
bitcoin card amex crypto american express income credit worth gold,tan2YfYsimw
bitcoin card amex crypto american express income credit worth gold,OrrSoUVunOA
bitcoin card amex crypto american express income credit worth gold,vBlOwIWHMxs
bitcoin card amex crypto american express income credit worth gold,gAa2D0tt5Xg
bitcoin card amex crypto american express income credit worth gold,ZYp3NYeeGGg
bitcoin card amex crypto american express income credit worth gold,vqrpqyq3pQA
bitcoin card amex crypto american express income credit worth gold,RN-YFUOwugQ
bitcoin card amex crypto american express income credit worth gold,k6SsGFZyfNk
bitcoin card amex crypto american express income credit worth gold,YXdHP7Pzxws
bitcoin card amex crypto american express income credit worth gold,fsqJITDtWdg
bitcoin card amex crypto american express income credit worth gold,Q2rdpdhgaDw
bitcoin card amex crypto american express income credit worth gold,PBihP4l-sNY
bitcoin card amex crypto american express income credit worth gold,sCjT7J0xc6g
bitcoin crypto money change invest explain currency blockchain real global,hYip_Vuv8J0
bitcoin crypto money change invest explain currency blockchain real global,8VSztCUbvQw
bitcoin crypto money change invest explain currency blockchain real global,Qm_S91glKZs
bitcoin crypto money change invest explain currency blockchain real global,rYQgy8QDEBI
bitcoin crypto money change invest explain currency blockchain real global,xrx6iQtItEY
bitcoin crypto money change invest explain currency blockchain real global,pGzfexGmuVw
bitcoin crypto money change invest explain currency blockchain real global,4CD0uSLN5Y4
bitcoin crypto money change invest explain currency blockchain real global,Pl8OlkkwRpc
bitcoin crypto money change invest explain currency blockchain real global,NtE661v-J1k
bitcoin crypto money change invest explain currency blockchain real global,8RjHAcSMbhQ
bitcoin crypto money change invest explain currency blockchain real global,9wdBotaMhDc
bitcoin crypto money change invest explain currency blockchain real global,VWHO6HcVa78
bitcoin crypto money change invest explain currency blockchain real global,KKgGh4U7qYM
bitcoin crypto money change invest explain currency blockchain real global,6NrRKXGVj4g
bitcoin crypto money change invest explain currency blockchain real global,5q2YhH08nvg
bitcoin crypto money change invest explain currency blockchain real global,2f4yYjHOvKY
bitcoin crypto money change invest explain currency blockchain real global,CY1dm4jEOjY
bitcoin crypto money change invest explain currency blockchain real global,w9QoCKbx6d8
bitcoin crypto money change invest explain currency blockchain real global,Ay4fmZdZqJE
bitcoin crypto money change invest explain currency blockchain real global,4HTtZhhXiAw
bitcoin crypto money change invest explain currency blockchain real global,mC7oICpXMmQ
bitcoin crypto money change invest explain currency blockchain real global,bBC-nXj3Ng4
bitcoin crypto money change invest explain currency blockchain real global,W15A7Lf0_fI
bitcoin crypto money change invest explain currency blockchain real global,5iEHsRja8u0
bitcoin crypto money change invest explain currency blockchain real global,h2zG0Roj9Bc
bitcoin crypto money change invest explain currency blockchain real global,9ry1eRXADlg
bitcoin crypto money change invest explain currency blockchain real global,lNdOtlpmH5U
bitcoin crypto money change invest explain currency blockchain real global,qHlpvKjA-lk
bitcoin crypto money change invest explain currency blockchain real global,qx6m3xxw5RM
bitcoin crypto money change invest explain currency blockchain real global,f23kIF0LdK8
bitcoin crypto money change invest explain currency blockchain real global,5tt7y0gesyo
bitcoin crypto money change invest explain currency blockchain real global,NYRFwZJDJXw
bitcoin crypto money change invest explain currency blockchain real global,xHU5MHuUSKI
bitcoin crypto money change invest explain currency blockchain real global,tz4gxgCJ7og
bitcoin crypto money change invest explain currency blockchain real global,Mfdc46fZVa8
bitcoin crypto money change invest explain currency blockchain real global,_qejxwMmN-g
bitcoin crypto money change invest explain currency blockchain real global,wqvnWbKjT4w
bitcoin crypto money change invest explain currency blockchain real global,COUbmGZFyjs
bitcoin crypto money change invest explain currency blockchain real global,HOOf2JVS7f4
bitcoin crypto money change invest explain currency blockchain real global,ma1tXWLkFQ4
bitcoin crypto money change invest explain currency blockchain real global,GKdOF-H1P_s
bitcoin crypto money change invest explain currency blockchain real global,oc2zqnvsqi0
bitcoin crypto money change invest explain currency blockchain real global,ID2ARm36KEE
bitcoin crypto money change invest explain currency blockchain real global,DZrwWmbthFE
bitcoin crypto money change invest explain currency blockchain real global,ZUC6Uz4l2M8
bitcoin crypto money change invest explain currency blockchain real global,DRAcPbYPNVk
bitcoin crypto money change invest explain currency blockchain real global,uxv5UEoISd8
bitcoin crypto money change invest explain currency blockchain real global,sZUfTwjIakg
bitcoin crypto money change invest explain currency blockchain real global,bn2wVSc9pY8
bitcoin crypto money change invest explain currency blockchain real global,w-mD-W96yn0
bitcoin crypto crash buy altcoin wallet ethereum market explain need,Uxmuk6vUQOM
bitcoin crypto crash buy altcoin wallet ethereum market explain need,mpsGTcSmnYE
bitcoin crypto crash buy altcoin wallet ethereum market explain need,Hms8O8uy3ug
bitcoin crypto crash buy altcoin wallet ethereum market explain need,EPfT7BzRIpc
bitcoin crypto crash buy altcoin wallet ethereum market explain need,3VgrmNZ40qI
bitcoin crypto crash buy altcoin wallet ethereum market explain need,XGAeePFdKyU
bitcoin crypto crash buy altcoin wallet ethereum market explain need,6CLx4cSIaJI
bitcoin crypto crash buy altcoin wallet ethereum market explain need,s4g1XFU8Gto
bitcoin crypto crash buy altcoin wallet ethereum market explain need,OPd9NcyIuy0
bitcoin crypto crash buy altcoin wallet ethereum market explain need,y6NNp4ZiDxQ
bitcoin crypto crash buy altcoin wallet ethereum market explain need,E1O0H_HOfRI
bitcoin crypto crash buy altcoin wallet ethereum market explain need,Bm8EBGjSIxo
bitcoin crypto crash buy altcoin wallet ethereum market explain need,xcQYjAK3mjE
bitcoin crypto crash buy altcoin wallet ethereum market explain need,dSSemefMEfg
bitcoin crypto crash buy altcoin wallet ethereum market explain need,RmOqLS13QEg
bitcoin crypto crash buy altcoin wallet ethereum market explain need,01gLqgrkj_I
bitcoin crypto crash buy altcoin wallet ethereum market explain need,Puds-pY_FgQ
bitcoin crypto crash buy altcoin wallet ethereum market explain need,v64axgXKKis
bitcoin crypto crash buy altcoin wallet ethereum market explain need,oGGnB9DOBMc
bitcoin crypto crash buy altcoin wallet ethereum market explain need,1YyAzVmP9xQ
bitcoin crypto crash buy altcoin wallet ethereum market explain need,wPLWJxLHIH0
bitcoin crypto crash buy altcoin wallet ethereum market explain need,rZJOFwmepZU
bitcoin crypto crash buy altcoin wallet ethereum market explain need,yBkIpGFO3zQ
bitcoin crypto crash buy altcoin wallet ethereum market explain need,uX5rfWRaHCg
bitcoin crypto crash buy altcoin wallet ethereum market explain need,obT8nbRn0lY
bitcoin crypto crash buy altcoin wallet ethereum market explain need,RQnX9VmUa-Q
bitcoin crypto crash buy altcoin wallet ethereum market explain need,udvWrL72BiI
bitcoin crypto crash buy altcoin wallet ethereum market explain need,qwSNo58Cs7w
bitcoin crypto crash buy altcoin wallet ethereum market explain need,qydF1HiubDo
bitcoin crypto crash buy altcoin wallet ethereum market explain need,rU5JNFvQlpo
bitcoin crypto crash buy altcoin wallet ethereum market explain need,Bsyvg3phGcE
bitcoin crypto crash buy altcoin wallet ethereum market explain need,_F-s-tq729M
bitcoin crypto crash buy altcoin wallet ethereum market explain need,7x6H_PBnDFQ
bitcoin crypto crash buy altcoin wallet ethereum market explain need,qpLk-wA88WE
bitcoin crypto crash buy altcoin wallet ethereum market explain need,Z8bMST7xa84
bitcoin crypto crash buy altcoin wallet ethereum market explain need,rP5J_izPyAQ
bitcoin crypto crash buy altcoin wallet ethereum market explain need,nChkOXqhsxM
bitcoin crypto crash buy altcoin wallet ethereum market explain need,ukwO9y0Frzk
bitcoin crypto crash buy altcoin wallet ethereum market explain need,8CroizdHLgA
bitcoin crypto crash buy altcoin wallet ethereum market explain need,Sf6HUoAsc2A
bitcoin crypto crash buy altcoin wallet ethereum market explain need,o0qJv0dHLoo
bitcoin crypto crash buy altcoin wallet ethereum market explain need,WwsjqooefHk
bitcoin crypto crash buy altcoin wallet ethereum market explain need,4yMwifMEuE4
bitcoin crypto crash buy altcoin wallet ethereum market explain need,jXxEOJ0JuIM
bitcoin crypto crash buy altcoin wallet ethereum market explain need,JNzCjurJhFQ
bitcoin crypto crash buy altcoin wallet ethereum market explain need,Lch6_r1yedM
bitcoin crypto crash buy altcoin wallet ethereum market explain need,c43W3ptWBYU
bitcoin crypto crash buy altcoin wallet ethereum market explain need,x8a5_BIZd4A
bitcoin crypto crash buy altcoin wallet ethereum market explain need,vUFfAHIP1Os
bitcoin crypto crash buy altcoin wallet ethereum market explain need,gw94tHJ0mJA
bitcoin crypto coin guide beginner credit step card trading ultimate,GcvGl5a1jf8
bitcoin crypto coin guide beginner credit step card trading ultimate,q8bd-hRfQT4
bitcoin crypto coin guide beginner credit step card trading ultimate,xYWMzczqgk4
bitcoin crypto coin guide beginner credit step card trading ultimate,sEtj34VMClU
bitcoin crypto coin guide beginner credit step card trading ultimate,C71lo0S70Hw
bitcoin crypto coin guide beginner credit step card trading ultimate,1wO9NPZ5t8s
bitcoin crypto coin guide beginner credit step card trading ultimate,mrtSAgcpack
bitcoin crypto coin guide beginner credit step card trading ultimate,HeXl4kMy_Ug
bitcoin crypto coin guide beginner credit step card trading ultimate,2fGoU5lMiYw
bitcoin crypto coin guide beginner credit step card trading ultimate,3QH7ZTibV-Q
bitcoin crypto coin guide beginner credit step card trading ultimate,NsbKoiLO-Nk
bitcoin crypto coin guide beginner credit step card trading ultimate,lHipE05v4jg
bitcoin crypto coin guide beginner credit step card trading ultimate,muhdytoJa3M
bitcoin crypto coin guide beginner credit step card trading ultimate,tQ_xevsi-kE
bitcoin crypto coin guide beginner credit step card trading ultimate,4LkiOvdwOgg
bitcoin crypto coin guide beginner credit step card trading ultimate,3YAt3WiSZEM
bitcoin crypto coin guide beginner credit step card trading ultimate,-ur4puf_2tM
bitcoin crypto coin guide beginner credit step card trading ultimate,L-FrSWysYkk
bitcoin crypto coin guide beginner credit step card trading ultimate,X6LZGBQaFKA
bitcoin crypto coin guide beginner credit step card trading ultimate,QO-iK4PlkWw
bitcoin crypto coin guide beginner credit step card trading ultimate,1zzC9A3wM9w
bitcoin crypto coin guide beginner credit step card trading ultimate,DYVL3988OZQ
bitcoin crypto coin guide beginner credit step card trading ultimate,fHh6FRcMczw
bitcoin crypto coin guide beginner credit step card trading ultimate,qqO9-uj-m2o
bitcoin crypto coin guide beginner credit step card trading ultimate,7OouSSeZhcQ
bitcoin crypto coin guide beginner credit step card trading ultimate,RlCkuBsnxHs
bitcoin crypto coin guide beginner credit step card trading ultimate,P73604YVpPw
bitcoin crypto coin guide beginner credit step card trading ultimate,xmVst53_7po
bitcoin crypto coin guide beginner credit step card trading ultimate,a3xAd_ggvRU
bitcoin crypto coin guide beginner credit step card trading ultimate,DxZgmWO4b0s
bitcoin crypto coin guide beginner credit step card trading ultimate,ovETQER4PTI
bitcoin crypto coin guide beginner credit step card trading ultimate,zyRSjxqvApc
bitcoin crypto coin guide beginner credit step card trading ultimate,EBl5HJH40m0
bitcoin crypto coin guide beginner credit step card trading ultimate,InijqvwVykg
bitcoin crypto coin guide beginner credit step card trading ultimate,KYHzL6drDNs
bitcoin crypto coin guide beginner credit step card trading ultimate,lBbZrhqktb0
bitcoin crypto coin guide beginner credit step card trading ultimate,jBCXf8yylQA
bitcoin crypto coin guide beginner credit step card trading ultimate,EyNnvug3AdQ
bitcoin crypto coin guide beginner credit step card trading ultimate,mmF1Z0FB49g
bitcoin crypto coin guide beginner credit step card trading ultimate,03JmNekvYc0
bitcoin crypto coin guide beginner credit step card trading ultimate,W1kyFMxrY8g
bitcoin crypto coin guide beginner credit step card trading ultimate,mcUX-TiAaxU
bitcoin crypto coin guide beginner credit step card trading ultimate,MHrIPIFJx-U
bitcoin crypto coin guide beginner credit step card trading ultimate,BL5vUVQvmX4
bitcoin crypto coin guide beginner credit step card trading ultimate,f6eJoFckAZs
bitcoin crypto coin guide beginner credit step card trading ultimate,fAmdC64KKdM
bitcoin crypto coin guide beginner credit step card trading ultimate,_JshJ1g4ibg
bitcoin crypto coin guide beginner credit step card trading ultimate,yTXSsPP163w
bitcoin crypto coin guide beginner credit step card trading ultimate,tmc9nZTBPMg
bitcoin crypto coin guide beginner credit step card trading ultimate,EYb9eDsxgrs